# Porter stemmer reference vectors: <word>	<stem>
# Generated by tools/make_stem_vectors.py from nltk 3.10.3, PorterStemmer(mode='ORIGINAL_ALGORITHM') -- an implementation independent of
# wordextract.stem. Algorithm: M. F. Porter, 'An algorithm for suffix stripping',
# Program 14(3):130-137, 1980. Do not edit by hand; regenerate with the tool.
aaa	aaa
aaaaay	aaaaai
aaasm	aaasm
aadbce	aadbc
abab	abab
abandonment	abandon
abba	abba
abc	abc
abcdcx	abcdcx
abcdefghijabcde	abcdefghijabcd
abcefg	abcefg
abe	ab
abits	abit
aborts	abort
absorbed	absorb
abstractinstance	abstractinst
absurd	absurd
acb	acb
accepted	accept
accomplished	accomplish
acdc	acdc
achieves	achiev
acknowledgement	acknowledg
acknowledgment	acknowledg
acpi	acpi
activate	activ
acwindow	acwindow
adaptive	adapt
addb	addb
addfunctions	addfunct
addnstr	addnstr
addressvalueerror	addressvalueerror
addval	addval
adheres	adher
adjustment	adjust
adjustments	adjust
adlx	adlx
adrstr	adrstr
advertisement	advertis
aeaa	aeaa
aedb	aedb
aeiasabpafua	aeiasabpafua
aesgcm	aesgcm
afc	afc
affairs	affair
african	african
age	ag
aggregate	aggreg
aggregated	aggreg
agrave	agrav
agreement	agreement
agreements	agreement
aheuilexer	aheuilex
ain	ain
aki	aki
albeit	albeit
algeria	algeria
alignment	align
alignments	align
aligns	align
alli	alli
allowcomments	allowcom
allowing	allow
alone	alon
alrm	alrm
although	although
amaury	amauri
amendment	amend
amendments	amend
amperequal	amperequ
analogously	analog
ancillary	ancillari
androideabi	androideabi
angleorient	angleori
ani	ani
annotatedalias	annotatedalia
anotherstring	anotherstr
ansiformat	ansiformat
anthem	anthem
anubhav	anubhav
anytime	anytim
apdl	apdl
apostrophe	apostroph
appendix	appendix
applewindowtabbingmo	applewindowtabbingmo
approval	approv
aqidpgxvdhmgb	aqidpgxvdhmgb
arccosh	arccosh
arduino	arduino
argentina	argentina
argu	argu
argument	argument
arguments	argument
arise	aris
arose	aros
arrangement	arrang
arrival	arriv
arturolexer	arturolex
asciiletters	asciilett
asencodedunicode	asencodedunicod
asian	asian
aslist	aslist
asrequirement	asrequir
ass	ass
assertbadaddresspart	assertbadaddresspart
asserted	assert
assertequalelements	assertequalel
assertformatisvalue	assertformatisvalu
assertis	asserti
assertmetadataequal	assertmetadataequ
assertopcodesourcepo	assertopcodesourcepo
assertsequencesequal	assertsequencesequ
assertusage	assertusag
assignment	assign
assignments	assign
associate	associ
astimespec	astimespec
asunsignedlongmask	asunsignedlongmask
asynccoro	asynccoro
asynciterator	asynciter
ateof	ateof
atoi	atoi
attachment	attach
attachments	attach
attributeerrop	attributeerrop
aud	aud
augment	augment
augmented	augment
augmentedassignment	augmentedassign
augmenting	augment
authenticationerror	authenticationerror
auths	auth
autodetected	autodetect
automatically	automat
autumnstyle	autumnstyl
avinash	avinash
awaittype	awaittyp
aws	aw
aymbhqghaywblqgbaz	aymbhqghaywblqgbaz
babe	babe
backed	back
backquotes	backquot
backups	backup
badargument	badargu
badc	badc
baddisplayhook	baddisplayhook
badgen	badgen
badly	badli
badpickles	badpickl
badusage	badusag
baelm	baelm
bags	bag
balh	balh
bangladesh	bangladesh
barfn	barfn
barry	barri
basecachecontroladap	basecachecontroladap
baseenvironment	baseenviron
baseerrortestserver	baseerrortestserv
basehttpshandler	basehttpshandl
baseopname	baseopnam
basesidebar	basesidebar
basewithinit	basewithinit
basicfunction	basicfunct
basqoeildobgreecxbbh	basqoeildobgreecxbbh
baw	baw
bbaegs	bbaeg
bbah	bbah
bbbbbb	bbbbbb
bbd	bbd
bbelm	bbelm
bbeolp	bbeolp
bbeuh	bbeuh
bbfe	bbfe
bbim	bbim
bboebs	bboeb
bboet	bboet
bbox	bbox
bbum	bbum
bbwael	bbwael
bbwalg	bbwalg
bbwek	bbwek
bbweol	bbweol
bbwid	bbwid
bbyab	bbyab
bbyaeng	bbyaeng
bbyanj	bbyanj
bbyen	bbyen
bbyeong	bbyeong
bbyilh	bbyilh
bbyol	bbyol
bbyuh	bbyuh
bcad	bcad
bcdc	bcdc
bcff	bcff
bdad	bdad
bdce	bdce
bdfe	bdfe
bearing	bear
becc	becc
beep	beep
began	began
behaviours	behaviour
belong	belong
bengali	bengali
beolh	beolh
bernardo	bernardo
betest	betest
beult	beult
bfbb	bfbb
bfed	bfed
bgpicname	bgpicnam
bhvyywwtrm	bhvyywwtrm
bigcirc	bigcirc
bigobject	bigobject
biking	bike
binascii	binascii
bing	bing
biohazard	biohazard
bitlen	bitlen
bjorn	bjorn
blackwell	blackwel
bldshared	bldshare
blkopenline	blkopenlin
blockopeners	blockopen
bltns	bltn
bmloisbuawgh	bmloisbuawgh
boajxjvvwta	boajxjvvwta
boeb	boeb
boep	boep
bolg	bolg
booh	booh
bootlocale	bootlocal
borrower	borrow
bouncingbar	bouncingbar
boundarguments	boundargu
bowtie	bowti
bpat	bpat
bpt	bpt
brain	brain
bread	bread
breve	breve
brightred	brightr
brokenequalexc	brokenequalexc
brown	brown
bsddb	bsddb
bstlexer	bstlexer
btrue	btrue
bufferedincrementald	bufferedincrementald
bufferobjects	bufferobject
bugslexer	bugslex
buildenvironment	buildenviron
buildpython	buildpython
builtinmodulemixin	builtinmodulemixin
bullettrain	bullettrain
bunzip	bunzip
buss	buss
bvisible	bvisibl
bwaels	bwael
bwalt	bwalt
bwelg	bwelg
bweolh	bweolh
bwigs	bwig
bxml	bxml
byaelh	byaelh
byalp	byalp
byel	byel
byeol	byeol
byibs	byib
byit	byit
byom	byom
bytearraysubclasswit	bytearraysubclasswit
bytesfwalktests	bytesfwalktest
bytestest	bytestest
byul	byul
bzl	bzl
cableway	cablewai
cacheinfo	cacheinfo
caebs	caeb
caes	cae
calc	calc
calla	calla
calledfuncs	calledfunc
calls	call
cameroon	cameroon
canceling	cancel
cancellation	cancel
cancelled	cancel
candidatelookup	candidatelookup
canonicalized	canonic
capand	capand
capnproto	capnproto
carbonlexer	carbonlex
carmen	carmen
casechangeoversubsti	casechangeoversubsti
catalan	catalan
causes	caus
cbc	cbc
cbf	cbf
cbxy	cbxy
cccccccccccccccccccc	cccccccccccccccccccc
ccfc	ccfc
ccrcc	ccrcc
cdcaaaaaaaaaglahd	cdcaaaaaaaaaglahd
cdedef	cdedef
cdn	cdn
cebivqvat	cebivqvat
cee	cee
cek	cek
celement	celement
ceng	ceng
ceob	ceob
ceoss	ceoss
certreqs	certreq
ceulg	ceulg
cfaa	cfaa
cfca	cfca
cfdictionaryvaluecal	cfdictionaryvaluec
cfgdir	cfgdir
cfmutablearrayref	cfmutablearrayref
cfstatement	cfstatement
cfunction	cfunction
cgkjctxhcnjhet	cgkjctxhcnjhet
chainz	chainz
changingsizewhileite	changingsizewhileit
characterdatahandler	characterdatahandl
charmcilexer	charmcilex
chcy	chcy
checkcrossdefault	checkcrossdefault
checkedverifymode	checkedverifymod
checkinside	checkinsid
checkrecvmsgaddress	checkrecvmsgaddress
checkvalue	checkvalu
chet	chet
childprocesserror	childprocesserror
choice	choic
christmas	christma
chunklength	chunklength
cilb	cilb
cir	cir
circulate	circul
cjc	cjc
claims	claim
classc	classc
classmethoddescripto	classmethoddescripto
classwithfailingrepr	classwithfailingrepr
cleanresult	cleanresult
cleartext	cleartext
clientauth	clientauth
clipping	clip
clojurescriptlexer	clojurescriptlex
closefp	closefp
closurevars	closurevar
clusters	cluster
cmds	cmd
cmperr	cmperr
cnn	cnn
coc	coc
codecs	codec
codeowners	codeown
codetags	codetag
coel	coel
coexist	coexist
coldfusionhtmllexer	coldfusionhtmllex
collectionscallablet	collectionscallablet
color	color
colormode	colormod
columnize	column
combs	comb
commands	command
comment	comment
commented	comment
commenting	comment
comments	comment
commit	commit
commutativity	commut
comparesig	comparesig
compensate	compens
complain	complain
complement	complement
complementing	complement
complements	complement
completion	complet
complt	complt
compressdecompressfu	compressdecompressfu
compressstreamwritet	compressstreamwritet
concatanddel	concatanddel
concisely	concis
conditionproxy	conditionproxi
confighandler	confighandl
configuring	configur
confuse	confus
conmade	conmad
connector	connector
consequence	consequ
consists	consist
constraining	constrain
consumers	consum
containment	contain
content	content
contextline	contextlin
contextwithstatement	contextwithstat
contingent	conting
contract	contract
contractor	contractor
contractors	contractor
contracts	contract
contractual	contractu
contributing	contribut
convenient	conveni
convertingxxx	convertingxxx
cookieub	cookieub
cop	cop
copyleft	copyleft
coreservices	coreservic
corporal	corpor
cosc	cosc
counterclockwise	counterclockwis
course	cours
covered	cover
covering	cover
covers	cover
coyote	coyot
cpnmu	cpnmu
cpythongeneralmappin	cpythongeneralmappin
crank	crank
cre	cre
createcomment	createcom
createdocument	createdocu
createelement	createel
createimage	createimag
createwithxmodetest	createwithxmodetest
cribbed	crib
crmsh	crmsh
crossword	crossword
cruftandcomment	cruftandcom
cry	cry
csharpaspxlexer	csharpaspxlex
csounddocumentlexer	csounddocumentlex
cstuff	cstuff
ctextiowrappertest	ctextiowrappertest
ctxpbnrlz	ctxpbnrlz
cuemath	cuemath
cumprod	cumprod
curarr	curarr
currency	currenc
currsize	currsiz
custard	custard
customer	custom
customers	custom
customhash	customhash
customqueuefakeproto	customqueuefakeproto
cutoff	cutoff
cwae	cwae
cwaes	cwae
cwat	cwat
cwen	cwen
cweon	cweon
cwik	cwik
cwrs	cwr
cyaelm	cyaelm
cyals	cyal
cyclical	cyclic
cyels	cyel
cyeolt	cyeolt
cyij	cyij
cyod	cyod
cypher	cypher
cyulm	cyulm
daac	daac
daegs	daeg
daf	daf
dalm	dalm
dangerously	danger
darn	darn
datablock	datablock
datas	data
datefromticks	datefromtick
dav	dav
dbapi	dbapi
dbmtestcase	dbmtestcas
dcgettext	dcgettext
dcomment	dcomment
ddae	ddae
ddaes	ddae
ddap	ddap
ddeh	ddeh
ddeoh	ddeoh
ddeub	ddeub
ddeuss	ddeuss
ddim	ddim
ddoej	ddoej
ddol	ddol
dduc	dduc
ddwa	ddwa
ddwaen	ddwaen
ddwanh	ddwanh
ddwem	ddwem
ddweon	ddweon
ddwilg	ddwilg
ddyaeg	ddyaeg
ddyags	ddyag
ddyed	ddy
ddyeog	ddyeog
ddyess	ddyess
ddyinj	ddyinj
ddyon	ddyon
ddyuls	ddyul
deadlocked	deadlock
debian	debian
debugpython	debugpython
deciding	decid
declared	declar
decodeescape	decodeescap
decompimax	decompimax
decorating	decor
decrement	decrement
decremented	decrement
decrementing	decrement
decrements	decrement
decsample	decsampl
deemed	deem
defaultchainmap	defaultchainmap
defaultsect	defaultsect
defensively	defens
definitively	definit
degrees	degre
delch	delch
deletes	delet
delivered	deliv
demographic	demograph
denominators	denomin
deoh	deoh
depart	depart
department	depart
deployment	deploy
deprecatedstrmhandle	deprecatedstrmhandl
derdefect	derdefect
derwin	derwin
deselect	deselect
despair	despair
destsize	destsiz
deterministic	determinist
deup	deup
development	develop
devices	devic
dfast	dfast
dfs	df
dgvnzxi	dgvnzxi
diagnostic	diagnost
dicey	dicei
dictoffset	dictoffset
dieresis	dieresi
diffmark	diffmark
digitpart	digitpart
dimensions	dimens
dircontents	dircont
direntryinfo	direntryinfo
disable	disabl
disagreement	disagr
disassemblies	disassembli
disconsider	disconsid
disjoint	disjoint
displaylist	displaylist
distestbase	distestbas
distributionfinder	distributionfind
diversity	divers
divsig	divsig
dler	dler
dmlzaw	dmlzaw
dnum	dnum
dockerlexer	dockerlex
doctests	doctest
document	document
documented	document
documentelement	documentel
documenting	document
documents	document
dodycsumzt	dodycsumzt
doep	doep
dokey	dokei
domainstrictnodots	domainstrictnodot
dong	dong
doron	doron
dotequal	dotequ
double	doubl
doubles	doubl
downcast	downcast
downtee	downte
draculastyle	draculastyl
drawinglineitem	drawinglineitem
driver	driver
drwxrwxrwx	drwxrwxrwx
dstend	dstend
dtdst	dtdst
dtype	dtype
duh	duh
dumbxmlwriter	dumbxmlwrit
dummyrational	dummyr
dunham	dunham
duration	durat
dwabs	dwab
dwaenh	dwaenh
dwanj	dwanj
dwelb	dwelb
dweolg	dweolg
dwhighdatetime	dwhighdatetim
dwinj	dwinj
dya	dya
dyaen	dyaen
dyang	dyang
dyels	dyel
dyeolt	dyeolt
dyij	dyij
dylanlidlexer	dylanlidlex
dyok	dyok
dyugg	dyugg
dzcy	dzcy
eaeaaabhysoeag	eaeaaabhysoeag
easier	easier
ebca	ebca
ecd	ecd
echotarget	echotarget
econverter	econvert
edef	edef
edited	edit
educated	educ
eeea	eeea
efaults	efault
efficient	effici
eforeinnerstatement	eforeinnerstat
efv	efv
egyptian	egyptian
eintr	eintr
elb	elb
element	element
elements	element
elemmasks	elemmask
elinters	elint
elpi	elpi
emantics	emant
ement	ement
ements	ement
emission	emiss
emptied	empti
emptyv	emptyv
enableusersite	enableusersit
encodedfile	encodedfil
encodingmessage	encodingmessag
endchar	endchar
enddocument	enddocu
endelement	endel
endinterpreter	endinterpret
endorsement	endors
endorsements	endors
endtagfind	endtagfind
enforcement	enforc
english	english
enhancements	enhanc
enotdir	enotdir
ent	ent
entertainment	entertain
entirety	entireti
entitlement	entitl
entrylabel	entrylabel
enumname	enumnam
environment	environ
environments	environ
envisioned	envis
eoftestcase	eoftestcas
eooh	eooh
ephem	ephem
epositiveresponse	epositiverespons
equ	equ
eqvparsl	eqvparsl
erhn	erhn
errata	errata
errorftphandler	errorftphandl
errorraisingargument	errorraisingargu
errread	errread
errsslweakpeerepheme	errsslweakpeerephem
escapedecodetest	escapedecodetest
esizedlist	esizedlist
establishes	establish
establishment	establish
etaddrvmidnotvaliduu	etaddrvmidnotvaliduu
ets	et
euj	euj
europeanswallow	europeanswallow
evaluating	evalu
eventnames	eventnam
evidentially	evidenti
evtlogutil	evtlogutil
examplescreen	examplescreen
exceptionaltestcase	exceptionaltestcas
exceptiontest	exceptiontest
excluded	exclud
excluding	exclud
exclusion	exclus
exclusions	exclus
execcodemodule	execcodemodul
executablearguments	executableargu
executabletarget	executabletarget
exercise	exercis
existant	exist
exits	exit
expanduser	expandus
expectedoutput	expectedoutput
experiment	experi
experiments	experi
expiresq	expiresq
explicitrequirement	explicitrequir
exploration	explor
exposes	expos
expx	expx
extendedref	extendedref
externalentityrefhan	externalentityrefhan
extractdir	extractdir
extremes	extrem
fab	fab
factorial	factori
failcase	failcas
failures	failur
fakehandler	fakehandl
fakeuid	fakeuid
falseyexception	falseyexcept
faqs	faq
fasthidden	fasthidden
faux	faux
fbb	fbb
fbfd	fbfd
fcc	fcc
fcfb	fcfb
fcomment	fcomment
fcy	fcy
fde	fde
feaa	feaa
february	februari
feea	feea
feff	feff
fernandez	fernandez
ffae	ffae
ffe	ffe
fffffff	fffffff
ffft	ffft
fghijklmghijklmn	fghijklmghijklmn
fiction	fiction
fift	fift
figments	figment
filecomparetestcase	filecomparetestcas
fileinputtests	fileinputtest
filemanagement	filemanag
filenamestr	filenamestr
filesizes	files
filip	filip
filter	filter
finalize	final
findfont	findfont
finis	fini
firewalling	firewal
firstweekday	firstweekdai
fixdir	fixdir
fjasklfzzzzaa	fjasklfzzzzaa
flagval	flagval
flavio	flavio
flike	flike
floatnl	floatnl
floored	floor
fluffy	fluffi
fmatests	fmatest
fnv	fnv
folding	fold
fonts	font
foofile	foofil
foospamegg	foospamegg
forcefully	forcefulli
forgiving	forgiv
forkservercontext	forkservercontext
formatfloat	formatfloat
formatter	formatt
formed	form
forum	forum
fountain	fountain
fqname	fqname
fragment	fragment
fragmented	fragment
fragmenting	fragment
fragments	fragment
frameless	frameless
frank	frank
freethreadingtest	freethreadingtest
frexp	frexp
frombuf	frombuf
fromfunction	fromfunct
frompyfunc	frompyfunc
fromvoidptr	fromvoidptr
frozenrequirement	frozenrequir
fruit	fruit
fsfullrwd	fsfullrwd
fstringprefix	fstringprefix
fterinnerstatement	fterinnerstat
ftpwrapper	ftpwrapper
fullmodule	fullmodul
funcid	funcid
functions	function
fused	fuse
fwalktests	fwalktest
gaaaaaal	gaaaaaal
gaelg	gaelg
gaj	gaj
gamut	gamut
gas	ga
gayanukitta	gayanukitta
gctest	gctest
gedam	gedam
gencodec	gencodec
generational	gener
genericgetdict	genericgetdict
genops	genop
geoffrey	geoffrei
georg	georg
germany	germani
getaddress	getaddress
getattribute	getattribut
getcategory	getcategori
getcomment	getcom
getcomments	getcom
getconstant	getconst
getdef	getdef
getentropy	getentropi
getfilename	getfilenam
getfullargspec	getfullargspec
gethostbyname	gethostbynam
getiter	getit
getlocale	getlocal
getmodule	getmodul
getnumberofeventlogr	getnumberofeventlogr
getparams	getparam
getprevword	getprevword
getran	getran
getroot	getroot
getsignal	getsign
getswitchinterval	getswitchinterv
getting	get
getvaluebyqname	getvaluebyqnam
geubs	geub
geut	geut
ggaelg	ggaelg
ggalm	ggalm
ggelb	ggelb
ggeolg	ggeolg
ggeugg	ggeugg
ggibs	ggib
ggit	ggit
ggoelt	ggoelt
ggon	ggon
ggulh	ggulh
ggwaegg	ggwaegg
ggwah	ggwah
ggweg	ggweg
ggweogg	ggweogg
ggwet	ggwet
ggwip	ggwip
ggyaelp	ggyaelp
ggyalt	ggyalt
ggyelm	ggyelm
ggyeolp	ggyeolp
ggyij	ggyij
ggyogg	ggyogg
ggyuc	ggyuc
gha	gha
gib	gib
gilfix	gilfix
giraffes	giraff
gizmoguy	gizmogui
gleamlexer	gleamlex
globaltests	globaltest
glslsrc	glslsrc
gneq	gneq
gnuunicodetest	gnuunicodetest
goed	go
gog	gog
golm	golm
goodpickles	goodpickl
goss	goss
govern	govern
gradient	gradient
grants	grant
greadily	greadili
greg	greg
grnd	grnd
groupwise	groupwis
gsqllexer	gsqllexer
gtrdot	gtrdot
gubs	gub
guideline	guidelin
gulp	gulp
gut	gut
gwaeb	gwaeb
gwaess	gwaess
gwat	gwat
gweo	gweo
gweos	gweo
gwilt	gwilt
gyaeh	gyaeh
gyak	gyak
gyegs	gyeg
gyeoh	gyeoh
gyib	gyib
gyiss	gyiss
gyonh	gyonh
gyum	gyum
gzipmiscreadtest	gzipmiscreadtest
hack	hack
haelg	haelg
hain	hain
halibutproxy	halibutproxi
hamt	hamt
handlerid	handlerid
hanh	hanh
hardlinkdeduptestsba	hardlinkdeduptestsba
harr	harr
hasconst	hasconst
hasherror	hasherror
hashnotimplemented	hashnotimpl
hashunsupported	hashunsupport
hass	hass
haxe	hax
hcertchainengine	hcertchainengin
hdfvhtglzdf	hdfvhtglzdf
headerlength	headerlength
health	health
heartbeat	heartbeat
hegde	hegd
heller	heller
helpermixin	helpermixin
helpwindow	helpwindow
heobs	heob
heot	heot
heubs	heub
heuristics	heurist
hexint	hexint
hglobal	hglobal
hiddentext	hiddentext
hieuh	hieuh
hijklmnoijklmnopjklm	hijklmnoijklmnopjklm
hinstance	hinstanc
hitotsu	hitotsu
hlocal	hlocal
hocho	hocho
hoenh	hoenh
hole	hole
hommes	homm
hooked	hook
horities	horiti
hostflag	hostflag
hover	hover
hppa	hppa
hsb	hsb
htaccess	htaccess
htmlphplexer	htmlphplexer
httpdigestauthhandle	httpdigestauthhandl
httpsconn	httpsconn
hugelen	hugelen
human	human
huran	huran
hwaebs	hwaeb
hwaet	hwaet
hweb	hweb
hweobs	hweob
hweot	hweot
hwin	hwin
hyaebs	hyaeb
hyaet	hyaet
hyb	hyb
hyelt	hyelt
hyeom	hyeom
hyilb	hyilb
hyod	hyod
hyperbolic	hyperbol
hyulg	hyulg
iand	iand
iceland	iceland
iconhand	iconhand
idbtest	idbtest
identifiers	identifi
idiwmdat	idiwmdat
idlerc	idlerc
idr	idr
ieps	iep
ifft	ifft
ify	ifi
ignorecomments	ignorecom
ignoreflags	ignoreflag
ihnizsbsymhliensz	ihnizsbsymhliensz
ikb	ikb
ility	iliti
imagasdouble	imagasdoubl
imc	imc
immortalized	immort
implement	implement
implementations	implement
implemented	implement
implementing	implement
implements	implement
importance	import
importpath	importpath
improvement	improv
improvements	improv
imq	imq
inbox	inbox
included	includ
including	includ
inclusion	inclus
incoming	incom
incorrect	incorrect
increment	increment
incremented	increment
incrementing	increment
increments	increment
ind	ind
indemnification	indemnif
indemnified	indemnifi
indemnify	indemnifi
indemnity	indemn
indenttestcase	indenttestcas
indextoname	indextonam
induce	induc
infer	infer
influences	influenc
ing	ing
iningu	iningu
initialization	initi
initraises	initrais
inlcr	inlcr
inordinate	inordin
input	input
insecureplatformwarn	insecureplatformwarn
insightful	insight
installationcandidat	installationcandidat
installrequirement	installrequir
installrequirements	installrequir
instance	instanc
instructionrecorder	instructionrecord
instrument	instrument
instrumented	instrument
integerlike	integerlik
intenums	intenum
interchangeability	interchang
intermittent	intermitt
interns	intern
interpreterpoolexecu	interpreterpoolexecu
intersection	intersect
intoverridestrunc	intoverridestrunc
introspecting	introspect
intwithdict	intwithdict
invaliddict	invaliddict
invalidproxyurl	invalidproxyurl
invalidrequirement	invalidrequir
invariant	invari
invoice	invoic
invoices	invoic
invoked	invok
involvement	involv
iokesrc	iokesrc
iot	iot
iphonesimulator	iphonesimul
iqnyvakhyepv	iqnyvakhyepv
ireqs	ireq
ironment	iron
irwxo	irwxo
isbuiltin	isbuiltin
iscr	iscr
iselement	isel
isexpandable	isexpand
ishex	ishex
isjunction	isjunct
isnonterminal	isnontermin
isolated	isol
isposinf	isposinf
issamenode	issamenod
issuecomment	issuecom
issueref	issueref
istypetktest	istypetktest
itamar	itamar
iterables	iter
iteratorseqn	iteratorseqn
iternextitem	iternextitem
itl	itl
iver	iver
iywwdzbwx	iywwdzbwx
jaeg	jaeg
jags	jag
jane	jane
jason	jason
jday	jdai
jek	jek
jeod	jeod
jerdonek	jerdonek
jeult	jeult
jid	jid
jip	jip
jjaegs	jjaeg
jjaj	jjaj
jjegg	jjegg
jjeogs	jjeog
jjeu	jjeu
jjeus	jjeu
jjing	jjing
jjoelb	jjoelb
jjolh	jjolh
jjul	jjul
jjwaec	jjwaec
jjwag	jjwag
jjwebs	jjweb
jjweoc	jjweoc
jjwep	jjwep
jjwing	jjwing
jjyael	jjyael
jjyalg	jjyalg
jjyek	jjyek
jjyeol	jjyeol
jjyid	jjyid
jjyob	jjyob
jjyoss	jjyoss
jjyunj	jjyunj
joa	joa
joelt	joelt
joincancelled	joincancel
jomton	jomton
journ	journ
jrzyb	jrzyb
jsonnet	jsonnet
judgment	judgment
judicious	judici
jult	jult
junk	junk
juttlelexer	juttlelex
jwaelp	jwaelp
jwalt	jwalt
jwelm	jwelm
jweolp	jweolp
jwih	jwih
jyac	jyac
jyaenj	jyaenj
jyas	jya
jyeng	jyeng
jyeonh	jyeonh
jyilm	jyilm
jyol	jyol
jyugg	jyugg
kaaba	kaaba
kaem	kaem
kalm	kalm
karatto	karatto
kazlib	kazlib
kcqkj	kcqkj
kdftests	kdftest
keeps	keep
kemenade	kemenad
keolg	keolg
kerstiens	kerstien
keuls	keul
keyboardinterrupt	keyboardinterrupt
keyencipherment	keyencipher
keyname	keynam
keysize	keysiz
kfiles	kfile
khomut	khomut
kigxvy	kigxvi
kim	kim
kirowatto	kirowatto
klaas	klaa
knew	knew
knows	know
koelm	koelm
kokosi	kokosi
kopf	kopf
kprt	kprt
ksav	ksav
kspd	kspd
kuhn	kuhn
kup	kup
kwaeb	kwaeb
kwaess	kwaess
kwas	kwa
kwelt	kwelt
kweom	kweom
kwilb	kwilb
kya	kya
kyaen	kyaen
kyanh	kyanh
kyem	kyem
kyeon	kyeon
kyilg	kyilg
kyoj	kyoj
kyud	kyud
kyxrhpgojpc	kyxrhpgojpc
lacita	lacita
lah	lah
landscape	landscap
large	larg
larson	larson
lastgroup	lastgroup
lasttag	lasttag
latter	latter
layouterror	layouterror
lbl	lbl
lci	lci
ldict	ldict
leadbytes	leadbyt
leapyear	leapyear
leftarrowrightarrow	leftarrowrightarrow
leftteearrow	leftteearrow
legalchars	legalchar
lements	lement
lemy	lemi
leone	leon
lesseqqgtr	lesseqqgtr
level	level
lexerdevelopment	lexerdevelop
lexicographical	lexicograph
lgentest	lgentest
liabilities	liabil
liability	liabil
liable	liabl
liar	liar
libgetopt	libgetopt
libregrest	libregrest
licitsubclass	licitsubclass
lightbulbstyle	lightbulbstyl
limbolexer	limbolex
limitation	limit
limited	limit
limits	limit
line	line
lineitem	lineitem
linetable	linet
linker	linker
linuxconfig	linuxconfig
listblogentrydates	listblogentryd
listinfo	listinfo
listtest	listtest
literateidrislexer	literateidrislex
lixmuz	lixmuz
llst	llst
lnd	lnd
loading	load
localcontext	localcontext
localimpl	localimpl
localtrace	localtrac
locktype	locktyp
logging	log
logrecordfactorytest	logrecordfactorytest
longboi	longboi
longmapsto	longmapsto
longwordwithhyphenst	longwordwithhyphenst
loophole	loophol
lorry	lorri
lovelacestyle	lovelacestyl
loyd	loyd
lpint	lpint
lpwstr	lpwstr
lshape	lshape
lstest	lstest
ltquest	ltquest
luctus	luctu
luo	luo
lwithunexpectedkeywo	lwithunexpectedkeywo
lzmacompressor	lzmacompressor
maccentraleurope	maccentraleurop
macosx	macosx
maddr	maddr
maels	mael
magicstack	magicstack
maildirfolder	maildirfold
mainns	mainn
maji	maji
makeelement	makeel
makelocalealias	makelocalealia
makolexer	makolex
mallya	mallya
management	manag
mandated	mandat
manipulates	manipul
manufacturers	manufactur
mappingmethods	mappingmethod
marathi	marathi
markedsectionclose	markedsectionclos
marques	marqu
masaki	masaki
masters	master
materialization	materi
matlablexer	matlablex
maxc	maxc
maxfreeblocks	maxfreeblock
maxlength	maxlength
maxpathlen	maxpathlen
maxx	maxx
mbstowcs	mbstowc
mcy	mcy
meantime	meantim
measurement	measur
measurements	measur
medel	medel
megs	meg
membership	membership
memoryhandlers	memoryhandl
menh	menh
ment	ment
mented	ment
ments	ment
meo	meo
meos	meo
merperson	merperson
messages	messag
metainfo	metainfo
methoddescriptor	methoddescriptor
meths	meth
meum	meum
mgl	mgl
mick	mick
midpoint	midpoint
mildly	mildli
mime	mime
mimimalerror	mimimalerror
minigzip	minigzip
minitemsize	minitems
minuscule	minuscul
mirrored	mirror
miscreadtest	miscreadtest
miss	miss
mississippian	mississippian
mixedgenericchild	mixedgenericchild
mkdir	mkdir
mlst	mlst
mno	mno
mockerror	mockerror
mockopener	mockopen
mockwinreg	mockwinreg
modestr	modestr
modpkgs	modpkg
modulenametest	modulenametest
moej	moej
mogs	mog
molloy	molloi
moment	moment
moments	moment
monitored	monitor
monopolizing	monopol
monthrangetestcase	monthrangetestcas
morisyen	morisyen
motivated	motiv
mouth	mouth
movement	movement
movements	movement
mozpreprocpercentlex	mozpreprocpercentlex
mquopri	mquopri
msdn	msdn
msgsize	msgsize
msum	msum
mtu	mtu
mullender	mullend
multidim	multidim
multiphase	multiphas
multiprocessingcmdli	multiprocessingcmdli
munah	munah
muslversion	muslvers
mutatingtuple	mutatingtupl
mutationclearelement	mutationclearel
mwa	mwa
mwaen	mwaen
mwanh	mwanh
mwem	mwem
mweon	mweon
mwilg	mwilg
myac	myac
myaenh	myaenh
myanj	myanj
myargument	myargument
mycmd	mycmd
mydirectory	mydirectori
myelement	myelement
myen	myen
myeom	myeom
myfileio	myfileio
myi	myi
myinh	myinh
mymod	mymod
myolh	myolh
mypen	mypen
myscrolledlist	myscrolledlist
mystrnicmp	mystrnicmp
myub	myub
myup	myup
myxargument	myxargu
mzxw	mzxw
naegg	naegg
nagg	nagg
nalsonlywrap	nalsonlywrap
namedtuple	namedtupl
namer	namer
namez	namez
naoki	naoki
nasmobjdumplexer	nasmobjdumplex
naumen	naumen
nbins	nbin
ncaron	ncaron
ncoder	ncoder
ncomment	ncomment
ndash	ndash
ndigs	ndig
neal	neal
needing	need
negativeinfinity	negativeinfin
negligence	neglig
negligent	neglig
negligently	neglig
negzero	negzero
nelse	nels
neod	neod
nep	nep
nestedchildrentest	nestedchildrentest
netbsd	netbsd
networkconnectionatt	networkconnectionatt
neulh	neulh
nevis	nevi
newcoordlist	newcoordlist
newfoo	newfoo
newlevel	newlevel
newparts	newpart
newspeak	newspeak
newtxt	newtxt
nextchar	nextchar
nfailed	nfail
nfp	nfp
ngettext	ngettext
ngtv	ngtv
nib	nib
nig	nig
nilp	nilp
nipunn	nipunn
njkl	njkl
nles	nle
nlsim	nlsim
nlyarguments	nlyargument
nment	nment
nmultilinestring	nmultilinestr
nntp	nntp
nobyteseither	nobyteseith
nocomment	nocom
nodeinfo	nodeinfo
noe	noe
noendunicodedecodeer	noendunicodedecod
noflsh	noflsh
noinlineaorb	noinlineaorb
nolp	nolp
nonbaseexception	nonbaseexcept
noncommented	noncom
noncompact	noncompact
nonelement	nonel
nonempty	nonempti
nongcsimplebase	nongcsimplebas
noninfringement	noninfring
nonmember	nonmemb
nonspacing	nonspac
noode	nood
noopbuildenvironment	noopbuildenviron
noraise	norais
normalized	normal
northern	northern
noss	noss
notalock	notalock
notelement	notel
nothing	noth
notimplemented	notimpl
notimplementedtype	notimplementedtyp
notnestedlessless	notnestedlessless
notreverseelement	notreverseel
notspam	notspam
notwithstanding	notwithstand
nowaytowaitforsocket	nowaytowaitforsocket
npj	npj
nprogram	nprogram
nrl	nrl
nsec	nsec
nsionnoarguments	nsionnoargu
nsit	nsit
nsqsube	nsqsube
nsubseteqq	nsubseteqq
ntcenum	ntcenum
nthree	nthree
ntpathtestcase	ntpathtestcas
nuclear	nuclear
nullctx	nullctx
numbair	numbair
numerichost	numerichost
numpy	numpi
nusmvlexer	nusmvlex
nvkfmceya	nvkfmceya
nwaek	nwaek
nwal	nwal
nwebs	nweb
nweoc	nweoc
nwep	nwep
nwim	nwim
nxy	nxy
nyaelp	nyaelp
nyalt	nyalt
nyelg	nyelg
nyeolh	nyeolh
nyigg	nyigg
nyob	nyob
nyoss	nyoss
nyun	nyun
obecni	obecni
objects	object
obscure	obscur
obviously	obvious
oclc	oclc
odbl	odbl
odp	odp
oelp	oelp
office	offic
officedocument	officedocu
ofsstr	ofsstr
ohobxxapt	ohobxxapt
oke	ok
oldencode	oldencod
oldminproto	oldminproto
oldx	oldx
oltihzvdgwb	oltihzvdgwb
omment	omment
onalgroup	onalgroup
oneletter	onelett
onkeyrelease	onkeyreleas
onscreenclick	onscreenclick
oom	oom
opcodetest	opcodetest
opendocument	opendocu
opengroup	opengroup
openssl	openssl
operands	operand
opinionated	opinion
opstr	opstr
optimizers	optim
optionlike	optionlik
oqai	oqai
orderings	order
orepr	orepr
originate	origin
ornament	ornament
orphanpath	orphanpath
oses	os
osw	osw
otherfn	otherfn
otilde	otild
ouml	ouml
outdated	outdat
outlying	outli
outstanding	outstand
overflowok	overflowok
overlow	overlow
overstriking	overstrik
ownerdocument	ownerdocu
ownerelement	ownerel
pac	pac
packaging	packag
padding	pad
paelg	paelg
pagevalidator	pagevalid
palau	palau
pang	pang
paradox	paradox
parameters	paramet
parenright	parenright
park	park
parsedrequirement	parsedrequir
parselinks	parselink
parsingerrors	parsingerror
partname	partnam
passout	passout
patch	patch
pathhighlighter	pathhighlight
pathsegments	pathseg
pathseps	pathsep
patternreprtests	patternreprtest
payloads	payload
payment	payment
payments	payment
pcertinfo	pcertinfo
pdbinteractiveconsol	pdbinteractiveconsol
peacock	peacock
peephole	peephol
pelp	pelp
penstate	penstat
peom	peom
percents	percent
periodic	period
permutation	permut
perspective	perspect
petr	petr
peung	peung
pfunc	pfunc
phantom	phantom
phnj	phnj
pibs	pib
pickler	pickler
pidfdsignaltest	pidfdsignaltest
pikelexer	pikelex
pine	pine
pipefs	pipef
pirate	pirat
pjrtg	pjrtg
place	place
placement	placement
plant	plant
playsoundtest	playsoundtest
plow	plow
pluse	pluse
pnames	pname
poec	poec
poetry	poetri
points	point
poller	poller
pols	pol
ponj	ponj
popen	popen
populating	popul
position	posit
posixtester	posixtest
postcmd	postcmd
posts	post
powerful	power
ppendconstwithdefaul	ppendconstwithdefaul
pqrst	pqrst
prcue	prcue
precedestilde	precedestild
precondition	precondit
preet	preet
prefixlen	prefixlen
prepared	prepar
prerequisite	prerequisit
pressed	press
prevdec	prevdec
price	price
printed	print
privacypolicy	privacypolici
proactorsockettransp	proactorsockettransp
processed	process
procs	proc
procurement	procur
profiler	profil
programmatically	programmat
projectbase	projectbas
prompt	prompt
propertybase	propertybas
props	prop
protoheader	protohead
provisionally	provision
proxyschemeunsupport	proxyschemeunsupport
psd	psd
psmap	psmap
pthreads	pthread
publicapitests	publicapitest
pulb	pulb
puncsp	puncsp
purepythoninithmac	purepythoninithmac
pushed	push
putwch	putwch
pwaegs	pwaeg
pwah	pwah
pwebs	pweb
pweobs	pweob
pweot	pweot
pwin	pwin
pxy	pxy
pyaem	pyaem
pyan	pyan
pybuffersizetest	pybuffersizetest
pycode	pycod
pycs	pyc
pydll	pydll
pyen	pyen
pyeon	pyeon
pyfloat	pyfloat
pygments	pygment
pyidperspicklertests	pyidperspicklertest
pyint	pyint
pylistreviter	pylistrevit
pymockcharpseudodevf	pymockcharpseudodevf
pyogs	pyog
pyotherfiletests	pyotherfiletest
pypy	pypi
pysetiter	pysetit
pystrhex	pystrhex
pythonapi	pythonapi
pythonhist	pythonhist
pythonstartup	pythonstartup
pythreadingtest	pythreadingtest
pyulm	pyulm
pyver	pyver
qamats	qamat
qeqwe	qeqw
qjijfl	qjijfl
qnzaaujpcgkjyvc	qnzaaujpcgkjyvc
qsort	qsort
quality	qualiti
quechua	quechua
queued	queu
quickening	quicken
quoprimime	quoprimim
quotient	quotient
qwrqwrqwr	qwrqwrqwr
racketlexer	racketlex
raec	raec
raet	raet
raise	rais
rajaiah	rajaiah
ran	ran
randomseedtest	randomseedtest
rank	rank
rarrpl	rarrpl
rational	ration
rawinput	rawinput
rbb	rbb
rceil	rceil
rczpzdwi	rczpzdwi
rdargument	rdargument
rdstest	rdstest
readchar	readchar
readlinefunctionpoin	readlinefunctionpoin
readthedocs	readthedoc
realizes	realiz
reap	reap
rebinding	rebind
recency	recenc
recognition	recognit
reconnection	reconnect
recreated	recreat
recursivity	recurs
recvmsgrfc	recvmsgrfc
redder	redder
redistribute	redistribut
reduction	reduct
reentrantly	reentrantli
referenced	referenc
refinements	refin
refleaktest	refleaktest
refresh	refresh
regenerating	regener
registers	regist
regtype	regtyp
reimplement	reimplement
reimplementing	reimplement
reintroduced	reintroduc
relationships	relationship
releaser	releas
reliability	reliabl
relocation	reloc
remembered	rememb
remotewinregtests	remotewinregtest
removeoption	removeopt
renderabletype	renderabletyp
renew	renew
renewal	renew
renewals	renew
renewed	renew
renewing	renew
reof	reof
reopening	reopen
repeatedly	repeatedli
replacement	replac
replacements	replac
reportevent	reportev
reprlib	reprlib
reqrefs	reqref
requests	request
requirement	requir
requirements	requir
requirespythoncandid	requirespythoncandid
reseeded	reseed
reservedassignment	reservedassign
resetwarnings	resetwarn
resolve	resolv
resourcemanager	resourcemanag
responsable	respons
restarting	restart
restructure	restructur
resumptions	resumpt
retrieve	retriev
returning	return
reum	reum
revealtypetests	revealtypetest
reverseelement	reverseel
revised	revis
rewrite	rewrit
rfe	rfe
rglob	rglob
rgpelement	rgpelement
rheum	rheum
richcmp	richcmp
rif	rif
rightrightarrows	rightrightarrow
riid	riid
rinvariants	rinvari
riv	riv
rlhar	rlhar
rmdir	rmdir
rning	rning
robotfileparser	robotfilepars
roec	roec
roey	roei
roller	roller
ronaudinho	ronaudinho
ronment	ronment
rop	rop
rotatingfilehandler	rotatingfilehandl
roundtestcase	roundtestcas
rowcount	rowcount
rpc	rpc
rps	rp
rrt	rrt
rsqb	rsqb
rtf	rtf
rtype	rtype
ruk	ruk
runcounts	runcount
runpathtestcase	runpathtestcas
rus	ru
rwab	rwab
rwaeng	rwaeng
rwang	rwang
rwelm	rwelm
rweolp	rweolp
rwigs	rwig
rww	rww
ryaej	ryaej
ryal	ryal
ryegs	ryeg
ryeoh	ryeoh
ryib	ryib
ryiss	ryiss
ryonh	ryonh
ryult	ryult
sabxkgy	sabxkgi
saelb	saelb
safeish	safeish
sait	sait
salute	salut
sampwidth	sampwidth
sanitytestcasemixin	sanitytestcasemixin
sasstyle	sasstyl
savecopy	savecopi
sax	sax
sbin	sbin
scanned	scan
sch	sch
schneier	schneier
scnap	scnap
scott	scott
scriptdecode	scriptdecod
scrollok	scrollok
sdfosdg	sdfosdg
seal	seal
searchsorted	searchsort
secidentityref	secidentityref
secrecy	secreci
sectrustoptionflags	sectrustoptionflag
seeded	seed
segg	segg
segment	segment
segments	segment
selecteintrtest	selecteintrtest
selfcyclebase	selfcyclebas
selt	selt
send	send
sendmsgtcptest	sendmsgtcptest
sendrecvmsgunixstrea	sendrecvmsgunixstrea
sentsofar	sentsofar
seongsoo	seongsoo
september	septemb
sequencetreeitem	sequencetreeitem
serials	serial
servertestcase	servertestcas
setannotation	setannot
setcomptype	setcomptyp
setemin	setemin
setframerate	setframer
setitem	setitem
setnameditemns	setnameditemn
setpointertype	setpointertyp
setrlimit	setrlimit
setswana	setswana
settlement	settlement
setupclass	setupclass
setupcloneelement	setupcloneel
seud	seud
seven	seven
sftp	sftp
shading	shade
shapes	shape
shares	share
shedpagetest	shedpagetest
shepherd	shepherd
shiny	shini
shome	shome
shortopt	shortopt
show	show
showwarnings	showwarn
shute	shute
sierra	sierra
siginaling	sigin
signalnum	signalnum
signum	signum
silenced	silenc
sime	sime
simplecookie	simplecooki
simpleparamspec	simpleparamspec
simplus	simplu
sinfo	sinfo
singleuppercase	singleuppercas
sinsinglestatement	sinsinglestat
sis	si
sixmetapathimporter	sixmetapathimport
sjis	sji
skipflag	skipflag
skiptestenvironment	skiptestenviron
skull	skull
sleeper	sleeper
slicing	slice
slotnames	slotnam
slzi	slzi
smarty	smarti
sml	sml
smtpdataerror	smtpdataerror
snake	snake
snia	snia
soap	soap
socketless	socketless
socklen	socklen
soel	soel
softkwlist	softkwlist
soliditylexer	soliditylex
somedata	somedata
somerandomhost	somerandomhost
sonj	sonj
sorted	sort
sourcecode	sourcecod
sourceslistlexer	sourceslistlex
spadesuit	spadesuit
spamspam	spamspam
spawnle	spawnl
spearmans	spearman
specialmethod	specialmethod
specifierrequirement	specifierrequir
specifying	specifi
spencer	spencer
spinnerinterface	spinnerinterfac
splitext	splitext
splituser	splitus
spottily	spottili
sqf	sqf
squarecorners	squarecorn
squidconflexer	squidconflex
srcs	src
srwindow	srwindow
ssaels	ssael
ssam	ssam
ssed	ssed
sseog	sseog
sses	ss
sseung	sseung
ssilm	ssilm
sslconnectiontype	sslconnectiontyp
sslmethod	sslmethod
sslsockets	sslsocket
ssoej	ssoej
ssol	ssol
ssss	ssss
ssulh	ssulh
sswaed	sswa
sswagg	sswagg
sswec	sswec
ssweod	ssweod
sswes	sswe
sswinh	sswinh
ssyaelg	ssyaelg
ssyalm	ssyalm
ssyelb	ssyelb
ssyeolg	ssyeolg
ssyigg	ssyigg
ssyoc	ssyoc
ssyu	ssyu
ssyus	ssyu
stacklevel	stacklevel
stallman	stallman
stap	stap
startcase	startcas
startdocument	startdocu
startelement	startel
starts	start
stata	stata
statement	statement
statements	statement
static	static
statstestcase	statstestcas
stdev	stdev
stdxxx	stdxxx
stepshal	stepshal
stillincomplete	stillincomplet
stonebig	stonebig
stops	stop
stotelmyer	stotelmy
streamconsumederror	streamconsumederror
streamwriter	streamwrit
strftime	strftime
stringcontent	stringcont
stringlist	stringlist
stripnl	stripnl
strptimetests	strptimetest
structured	structur
studio	studio
styletype	styletyp
subclasshook	subclasshook
subdirs	subdir
subelement	subel
subelements	subel
subheader	subhead
subkeystr	subkeystr
subn	subn
subparsers	subpars
subprogram	subprogram
subself	subself
substituted	substitut
subtle	subtl
succeed	succe
sucked	suck
suggest	suggest
sukun	sukun
summerfield	summerfield
sunset	sunset
superinit	superinit
supne	supn
supplement	supplement
supporturl	supporturl
surely	sure
surroundings	surround
svadilfari	svadilfari
swaec	swaec
swag	swag
swap	swap
sweetapp	sweetapp
sweoc	sweoc
swep	swep
swilh	swilh
swithslots	swithslot
syaegs	syaeg
syaj	syaj
syeg	syeg
syeogg	syeogg
syet	syet
syip	syip
symlinking	symlink
synchronizedbase	synchronizedbas
syntaxes	syntax
syolg	syolg
syscallerror	syscallerror
systemd	systemd
systemwide	systemwid
syunj	syunj
tabpage	tabpag
taed	ta
tagalog	tagalog
tailored	tailor
tainingarguments	tainingargu
talg	talg
tan	tan
tardata	tardata
tarname	tarnam
tatar	tatar
tbeswick	tbeswick
tcflush	tcflush
tcltk	tcltk
tcomments	tcomment
tcustom	tcustom
tear	tear
ted	ted
telescope	telescop
tempdirectory	tempdirectori
temporaries	temporari
tennis	tenni
teolm	teolm
termcap	termcap
terminated	termin
terminating	termin
termination	termin
terminations	termin
termreadkey	termreadkei
testabc	testabc
testall	testal
testascii	testascii
testattrlistkeys	testattrlistkei
testbadmodeargument	testbadmodeargu
testbadtempdir	testbadtempdir
testbinaryops	testbinaryop
testbootstrap	testbootstrap
testc	testc
testcaseformatter	testcaseformatt
testclasscallrecursi	testclasscallrecursi
testcloneelement	testcloneel
testclosefds	testclosefd
testcomment	testcom
testcomparisons	testcomparison
testcontentlength	testcontentlength
testcountwithoffset	testcountwithoffset
testdata	testdata
testdefaults	testdefault
testdigestauthhandle	testdigestauthhandl
testdocumentelement	testdocumentel
testeffects	testeffect
testelement	testel
testenumdict	testenumdict
testerrors	testerror
testexceptiononspace	testexceptiononspac
testexpnnotimplement	testexpnnotimpl
testexports	testexport
testfdpasspartialint	testfdpasspartialint
testfileunreadable	testfileunread
testforwardrefclass	testforwardrefclass
testfunction	testfunct
testgetcandidatename	testgetcandidatenam
testgettempdir	testgettempdir
testheappython	testheappython
testhelpusagemetavar	testhelpusagemetavar
testhypotaccuracy	testhypotaccuraci
testinitfromfloat	testinitfromfloat
testinstallincrement	testinstallincr
testinteractiveinter	testinteractiveint
testinvalidaction	testinvalidact
testisinstanceactual	testisinstanceactu
testkqueue	testkqueu
testlinetoolong	testlinetoolong
testlogging	testlog
testmaxname	testmaxnam
testmh	testmh
testmixednamespacepa	testmixednamespacepa
testmswindowstcpflag	testmswindowstcpflag
testnargsremainder	testnargsremaind
testnonlocalclass	testnonlocalclass
testntoherrors	testntoherror
testopenfilename	testopenfilenam
testoptionalsnargson	testoptionalsnargson
testpackagerequireex	testpackagerequireex
testparseelement	testparseel
testpartialpysubclas	testpartialpysubcla
testpickleddocument	testpickleddocu
testplutil	testplutil
testprocessinginstru	testprocessinginstru
testr	testr
testreadintomemoryvi	testreadintomemoryvi
testrecvfromtimeout	testrecvfromtimeout
testredirectstderr	testredirectstderr
testrenameelement	testrenameel
testreplacewholetext	testreplacewholetext
tests	test
testseekprestart	testseekprestart
testsendmsgarray	testsendmsgarrai
testserializecomment	testserializecom
testsetattrvalueandn	testsetattrvalueandn
testsharedctypes	testsharedctyp
testsingledispatch	testsingledispatch
testspawnedsyspath	testspawnedsyspath
teststdinbadfiledesc	teststdinbadfiledesc
testsubclassingproce	testsubclassingproc
testswithsourcefile	testswithsourcefil
testtemporarydirecto	testtemporarydirecto
testtimeoutzero	testtimeoutzero
testtranslations	testtransl
testudpserver	testudpserv
testunixstreamserver	testunixstreamserv
testverify	testverifi
testwithrlock	testwithrlock
testxrangecustomreve	testxrangecustomrev
teulh	teulh
textbox	textbox
textlogstream	textlogstream
textvariable	textvari
tgt	tgt
thead	thead
then	then
theyear	theyear
third	third
tho	tho
threaded	thread
threadingmixin	threadingmixin
thready	threadi
thru	thru
ticker	ticker
tigetflag	tigetflag
tilh	tilh
timegm	timegm
times	time
timo	timo
tionalsappend	tionalsappend
titerb	titerb
tkcolorchooser	tkcolorchoos
tlbc	tlbc
tlukz	tlukz
tmptestdir	tmptestdir
toc	toc
toeg	toeg
tofile	tofil
token	token
tokentype	tokentyp
tomas	toma
tonybeswick	tonybeswick
top	top
toprettyxml	toprettyxml
toss	toss
tougher	tougher
tournament	tournament
tournaments	tournament
tpi	tpi
tracebacktype	tracebacktyp
trackcallers	trackcal
trail	trail
transfer	transfer
transitive	transit
transported	transport
traversed	travers
treatment	treatment
treetoplexer	treetoplex
triangles	triangl
trigonometric	trigonometr
trisb	trisb
truck	truck
trustme	trustm
tscy	tscy
tstate	tstate
tti	tti
tube	tube
tumv	tumv
tuples	tupl
turtledemo	turtledemo
tvar	tvar
twaelp	twaelp
twalt	twalt
twek	twek
tweoj	tweoj
twib	twib
twing	twing
twos	two
tyaej	tyaej
tyal	tyal
tyeh	tyeh
tyeoj	tyeoj
tyi	tyi
tyis	tyi
tyong	tyong
typechecker	typecheck
typeiterationtests	typeiterationtest
typeparamstypevartes	typeparamstypevart
typevarwithconstrain	typevarwithconstrain
tyud	tyud
tzaaaaalu	tzaaaaalu
tzst	tzst
uaaef	uaaef
uahts	uaht
ubyte	ubyt
ucx	ucx
udced	udc
udp	udp
ufbae	ufba
ufebf	ufebf
uffa	uffa
ufffddef	ufffddef
ugs	ug
uizoh	uizoh
ulg	ulg
ulx	ulx
uments	ument
unadaptive	unadapt
unavoidably	unavoid
uncached	uncach
uncomment	uncom
uncommenting	uncom
uncs	unc
undefinedenvironment	undefinedenviron
underflowing	underflow
undigested	undigest
undocumented	undocu
unescape	unescap
unfledged	unfledg
unhashableexception	unhashableexcept
unicodefunctionstest	unicodefunctionstest
unicorn	unicorn
unimplemented	unimpl
uninstallmissingreco	uninstallmissingreco
uniqueaddressheader	uniqueaddresshead
univariatetypemixin	univariatetypemixin
universal	univers
universally	univers
universe	univers
universes	univers
universities	univers
university	univers
unixstreamserver	unixstreamserv
unlimited	unlimit
unmapviewoffile	unmapviewoffil
unops	unop
unpaired	unpair
unpinned	unpin
unreadable	unread
unrhd	unrhd
unsets	unset
unstatisfied	unstatisfi
untar	untar
unused	unus
uogon	uogon
updatetestcasemixin	updatetestcasemixin
uppercase	uppercas
upturn	upturn
uri	uri
urlparsetestcase	urlparsetestcas
urx	urx
usefirstuseragentwil	usefirstuseragentwil
userdefined	userdefin
userptr	userptr
ustar	ustar
util	util
uucg	uucg
uwide	uwid
vaguely	vagu
validname	validnam
values	valu
varargument	varargu
varika	varika
varsubb	varsubb
vbarf	vbarf
vcmc	vcmc
vectortest	vectortest
vendor	vendor
vendors	vendor
veniam	veniam
vereshchagin	vereshchagin
version	version
verticalgrid	verticalgrid
vformat	vformat
vhuftzdx	vhuftzdx
viewed	view
viml	viml
virtualevent	virtualev
visually	visual
vmid	vmid
volodin	volodin
vrachy	vrachi
vsock	vsock
vvv	vvv
vzgfopc	vzgfopc
waek	waek
wah	wah
waiver	waiver
waivers	waiver
waj	waj
wall	wall
wantreaderror	wantreaderror
warns	warn
waste	wast
wave	wave
wbt	wbt
weaken	weaken
weakvaluedictionary	weakvaluedictionari
webstats	webstat
weibull	weibul
wel	wel
weoc	weoc
wep	wep
wgts	wgt
when	when
whille	whill
whose	whose
width	width
wildcard	wildcard
win	win
windowsconsolefeatur	windowsconsolefeatur
winfunctiontype	winfunctiontyp
winsz	winsz
witharg	witharg
withinfo	withinfo
withoutownerdocument	withoutownerdocu
withpythonimplementa	withpythonimplementa
wkvl	wkvl
wobsite	wobsit
woodruff	woodruff
workdir	workdir
worldcoordinates	worldcoordin
wpb	wpb
wraptestcase	wraptestcas
writedoc	writedoc
writestdout	writestdout
wrote	wrote
wsgi	wsgi
wuc	wuc
xaa	xaa
xabb	xabb
xaca	xaca
xafa	xafa
xattrs	xattr
xbc	xbc
xbeu	xbeu
xbreanujori	xbreanujori
xccd	xccd
xcfc	xcfc
xdaw	xdaw
xddm	xddm
xdfffe	xdfffe
xeauti	xeauti
xecd	xecd
xeen	xeen
xfaab	xfaab
xfavj	xfavj
xfcab	xfcab
xfcdf	xfcdf
xfdad	xfdad
xfded	xfded
xfebb	xfebb
xfeff	xfeff
xffbe	xffbe
xfffa	xfffa
xffproprostnemluvesk	xffproprostnemluvesk
xfz	xfz
xjust	xjust
xmlarena	xmlarena
xmlparser	xmlparser
xmsaxmjo	xmsaxmjo
xotime	xotim
xpathelement	xpathel
xquery	xqueri
xss	xss
xwarn	xwarn
xxxxxxxxx	xxxxxxxxx
xyzdefghijklmnopqrst	xyzdefghijklmnopqrst
yac	yac
yaelt	yaelt
yals	yal
yat	yat
yebs	yeb
yenj	yenj
yeop	yeop
ygymluyxj	ygymluyxj
yilg	yilg
ykft	ykft
yobs	yob
yop	yop
yrange	yrang
yscrollincrement	yscrollincr
yub	yub
yum	yum
ywi	ywi
yyyyyyyyyyyyyyyyyyy	yyyyyyyyyyyyyyyyyyi
zaps	zap
zeeff	zeeff
zerodivisionerror	zerodivisionerror
zfill	zfill
zib	zib
zipextfile	zipextfil
ziptestpackage	ziptestpackag
zlimit	zlimit
zonename	zonenam
zsbrzxkupc	zsbrzxkupc
zstdustarreadtest	zstdustarreadtest
zwreyxrhwhnvbwveyxrh	zwreyxrhwhnvbwveyxrh
zzzzz	zzzzz
